crossing,reported_at,value_min,value_raw,reporter,scraped_at_utc
evzoni-bogorodica,2026-06-16T22:24,5,5 min,anonymous_,2026-06-16T20:59:42+00:00
evzoni-bogorodica,2026-06-16T21:06,10,10 min,anonymous,2026-06-16T20:59:42+00:00
evzoni-bogorodica,2026-06-16T20:57,40,40 min,anonymous_,2026-06-16T20:59:42+00:00
evzoni-bogorodica,2026-06-16T19:56,45,45 min,anonymous,2026-06-16T20:59:42+00:00
evzoni-bogorodica,2026-06-16T18:57,5,5 min,anonymous_,2026-06-16T20:59:42+00:00
evzoni-bogorodica,2026-06-16T17:53,10,10 min,anonymous_,2026-06-16T20:59:42+00:00
evzoni-bogorodica,2026-06-16T16:59,5,5 min,anonymous_,2026-06-16T20:59:42+00:00
evzoni-bogorodica,2026-06-16T15:57,10,10 min,anonymous_,2026-06-16T20:59:42+00:00
evzoni-bogorodica,2026-06-16T23:27,10,10 min,anonymous_,2026-06-16T21:45:34+00:00
evzoni-bogorodica,2026-06-17T00:27,5,5 min,anonymous_,2026-06-16T22:30:21+00:00
evzoni-bogorodica,2026-06-17T03:29,5,5 min,anonymous_,2026-06-17T01:40:44+00:00
evzoni-bogorodica,2026-06-17T02:27,10,10 min,anonymous_,2026-06-17T01:40:44+00:00
evzoni-bogorodica,2026-06-17T01:28,15,15 min,anonymous_,2026-06-17T01:40:44+00:00
evzoni-bogorodica,2026-06-17T06:29,5,5 min,anonymous_,2026-06-17T05:27:43+00:00
evzoni-bogorodica,2026-06-17T05:25,10,10 min,anonymous_,2026-06-17T05:27:43+00:00
evzoni-bogorodica,2026-06-17T04:23,15,15 min,anonymous_,2026-06-17T05:27:43+00:00
evzoni-bogorodica,2026-06-17T07:24,15,15 min,anonymous_,2026-06-17T06:13:33+00:00
evzoni-bogorodica,2026-06-17T08:28,10,10 min,anonymous_,2026-06-17T06:43:46+00:00
evzoni-bogorodica,2026-06-17T09:14,50,50 min,anonymous,2026-06-17T07:29:05+00:00
evzoni-bogorodica,2026-06-17T10:26,45,45 min,anonymous_,2026-06-17T08:44:37+00:00
evzoni-bogorodica,2026-06-17T11:29,40,40 min,anonymous_,2026-06-17T09:45:04+00:00
evzoni-bogorodica,2026-06-17T12:24,35,35 min,anonymous_,2026-06-17T10:33:11+00:00
evzoni-bogorodica,2026-06-17T13:24,30,30 min,anonymous_,2026-06-17T11:33:35+00:00
evzoni-bogorodica,2026-06-17T14:24,25,25 min,anonymous_,2026-06-17T12:33:59+00:00
evzoni-bogorodica,2026-06-17T15:28,20,20 min,anonymous_,2026-06-17T13:34:23+00:00
evzoni-bogorodica,2026-06-17T16:28,15,15 min,anonymous_,2026-06-17T14:42:45+00:00
evzoni-bogorodica,2026-06-17T17:26,10,10 min,anonymous_,2026-06-17T15:43:33+00:00
evzoni-bogorodica,2026-06-17T18:25,5,5 min,anonymous_,2026-06-17T16:43:59+00:00
evzoni-bogorodica,2026-06-17T19:23,15,15 min,anonymous_,2026-06-17T17:42:36+00:00
evzoni-bogorodica,2026-06-17T20:24,10,10 min,anonymous_,2026-06-17T18:43:02+00:00
evzoni-bogorodica,2026-06-17T21:28,5,5 min,anonymous_,2026-06-17T19:40:09+00:00
evzoni-bogorodica,2026-06-17T22:25,10,10 min,anonymous_,2026-06-17T20:40:32+00:00
evzoni-bogorodica,2026-06-17T23:26,5,5 min,anonymous_,2026-06-17T21:40:53+00:00
evzoni-bogorodica,2026-06-18T00:26,10,10 min,anonymous_,2026-06-17T22:33:34+00:00
evzoni-bogorodica,2026-06-18T01:25,5,5 min,anonymous_,2026-06-17T23:42:25+00:00
evzoni-bogorodica,2026-06-18T02:26,15,15 min,anonymous_,2026-06-18T00:32:10+00:00
evzoni-bogorodica,2026-06-18T03:25,10,10 min,anonymous_,2026-06-18T01:32:32+00:00
evzoni-bogorodica,2026-06-18T04:25,5,5 min,anonymous_,2026-06-18T02:31:10+00:00
evzoni-bogorodica,2026-06-18T05:28,10,10 min,anonymous_,2026-06-18T03:31:33+00:00
evzoni-bogorodica,2026-06-18T06:23,5,5 min,anonymous_,2026-06-18T04:31:56+00:00
evzoni-bogorodica,2026-06-18T07:29,10,10 min,anonymous_,2026-06-18T05:32:19+00:00
evzoni-bogorodica,2026-06-18T08:26,5,5 min,anonymous_,2026-06-18T06:32:42+00:00
evzoni-bogorodica,2026-06-18T09:26,15,15 min,anonymous_,2026-06-18T07:40:21+00:00
evzoni-bogorodica,2026-06-18T10:28,10,10 min,anonymous_,2026-06-18T08:40:43+00:00
evzoni-bogorodica,2026-06-18T11:26,5,5 min,anonymous_,2026-06-18T09:41:03+00:00
evzoni-bogorodica,2026-06-18T12:23,30,30 min,anonymous,2026-06-18T10:26:20+00:00
evzoni-bogorodica,2026-06-18T13:26,25,25 min,anonymous_,2026-06-18T11:33:17+00:00
evzoni-bogorodica,2026-06-18T14:25,20,20 min,anonymous_,2026-06-18T12:33:43+00:00
evzoni-bogorodica,2026-06-18T15:23,15,15 min,anonymous_,2026-06-18T13:34:09+00:00
evzoni-bogorodica,2026-06-18T16:28,10,10 min,anonymous_,2026-06-18T14:34:39+00:00
evzoni-bogorodica,2026-06-18T17:25,5,5 min,anonymous_,2026-06-18T15:35:00+00:00
evzoni-bogorodica,2026-06-18T17:54,15,15 min,anonymous,2026-06-18T16:05:12+00:00
evzoni-bogorodica,2026-06-18T18:54,10,10 min,anonymous_,2026-06-18T17:05:32+00:00
evzoni-bogorodica,2026-06-18T19:36,10,10 min,anonymous,2026-06-18T17:37:55+00:00
evzoni-bogorodica,2026-06-18T20:57,5,5 min,anonymous_,2026-06-18T19:08:52+00:00
evzoni-bogorodica,2026-06-18T21:46,30,30 min,anonymous,2026-06-18T19:54:11+00:00
evzoni-bogorodica,2026-06-18T22:54,25,25 min,anonymous_,2026-06-18T21:02:08+00:00
evzoni-bogorodica,2026-06-18T23:57,20,20 min,anonymous_,2026-06-18T22:02:29+00:00
evzoni-bogorodica,2026-06-19T00:55,15,15 min,anonymous_,2026-06-18T23:09:03+00:00
evzoni-bogorodica,2026-06-19T01:54,10,10 min,anonymous_,2026-06-19T00:09:29+00:00
evzoni-bogorodica,2026-06-19T02:57,5,5 min,anonymous_,2026-06-19T01:14:01+00:00
evzoni-bogorodica,2026-06-19T03:58,10,10 min,anonymous_,2026-06-19T02:14:20+00:00
evzoni-bogorodica,2026-06-19T04:55,5,5 min,anonymous_,2026-06-19T03:14:40+00:00
evzoni-bogorodica,2026-06-19T05:59,15,15 min,anonymous_,2026-06-19T04:15:01+00:00
evzoni-bogorodica,2026-06-19T06:59,10,10 min,anonymous_,2026-06-19T05:00:25+00:00
evzoni-bogorodica,2026-06-19T07:55,5,5 min,anonymous_,2026-06-19T06:00:07+00:00
evzoni-bogorodica,2026-06-19T08:12,5,5 min,anonymous,2026-06-19T06:15:22+00:00
evzoni-bogorodica,2026-06-19T09:25,15,15 min,anonymous_,2026-06-19T07:30:54+00:00
evzoni-bogorodica,2026-06-19T10:28,10,10 min,anonymous_,2026-06-19T08:31:21+00:00
evzoni-bogorodica,2026-06-19T11:29,5,5 min,anonymous_,2026-06-19T09:31:48+00:00
evzoni-bogorodica,2026-06-19T12:24,10,10 min,anonymous_,2026-06-19T10:34:54+00:00
evzoni-bogorodica,2026-06-19T13:29,5,5 min,anonymous_,2026-06-19T11:35:15+00:00
evzoni-bogorodica,2026-06-19T14:26,10,10 min,anonymous_,2026-06-19T12:35:37+00:00
evzoni-bogorodica,2026-06-19T15:24,5,5 min,anonymous_,2026-06-19T13:35:59+00:00
evzoni-bogorodica,2026-06-19T16:26,10,10 min,anonymous_,2026-06-19T14:33:33+00:00
evzoni-bogorodica,2026-06-19T17:24,5,5 min,anonymous_,2026-06-19T15:33:55+00:00
evzoni-bogorodica,2026-06-19T18:29,10,10 min,anonymous_,2026-06-19T16:40:44+00:00
evzoni-bogorodica,2026-06-19T19:27,5,5 min,anonymous_,2026-06-19T17:41:06+00:00
evzoni-bogorodica,2026-06-19T19:52,30,30 min,anonymous,2026-06-19T17:56:12+00:00
evzoni-bogorodica,2026-06-19T20:53,25,25 min,anonymous_,2026-06-19T19:05:46+00:00
evzoni-bogorodica,2026-06-19T21:55,20,20 min,anonymous_,2026-06-19T20:06:12+00:00
evzoni-bogorodica,2026-06-19T22:53,15,15 min,anonymous_,2026-06-19T21:10:51+00:00
evzoni-bogorodica,2026-06-19T23:54,10,10 min,anonymous_,2026-06-19T22:09:01+00:00
evzoni-bogorodica,2026-06-20T00:57,5,5 min,anonymous_,2026-06-19T23:11:10+00:00
evzoni-bogorodica,2026-06-20T01:56,10,10 min,anonymous_,2026-06-20T00:09:56+00:00
evzoni-bogorodica,2026-06-20T02:56,5,5 min,anonymous_,2026-06-20T01:10:18+00:00
evzoni-bogorodica,2026-06-20T03:57,15,15 min,anonymous_,2026-06-20T02:10:39+00:00
evzoni-bogorodica,2026-06-20T04:59,10,10 min,anonymous_,2026-06-20T03:11:02+00:00
evzoni-bogorodica,2026-06-20T05:57,5,5 min,anonymous_,2026-06-20T04:11:25+00:00
evzoni-bogorodica,2026-06-20T06:13,15,15 min,anonymous,2026-06-20T04:26:30+00:00
evzoni-bogorodica,2026-06-20T07:26,10,10 min,anonymous_,2026-06-20T05:37:59+00:00
evzoni-bogorodica,2026-06-20T08:25,5,5 min,anonymous_,2026-06-20T06:38:36+00:00
evzoni-bogorodica,2026-06-20T09:25,15,15 min,anonymous_,2026-06-20T07:38:56+00:00
evzoni-bogorodica,2026-06-20T10:28,50,50 min,anonymous,2026-06-20T08:30:50+00:00
evzoni-bogorodica,2026-06-20T11:27,60,60 min,anonymous,2026-06-20T09:31:15+00:00
evzoni-bogorodica,2026-06-20T12:28,55,55 min,anonymous_,2026-06-20T10:31:41+00:00
evzoni-bogorodica,2026-06-20T12:35,55,55 min,Bordertime,2026-06-20T10:43:41+00:00
evzoni-bogorodica,2026-06-20T13:07,15,15 min,anonymous,2026-06-20T11:14:01+00:00
evzoni-bogorodica,2026-06-20T13:05,150,2.5 h,anonymous,2026-06-20T11:14:01+00:00
evzoni-bogorodica,2026-06-20T13:14,150,2.5 h,anonymous,2026-06-20T11:29:08+00:00
evzoni-bogorodica,2026-06-20T13:14,45,45 min,anonymous,2026-06-20T11:29:08+00:00
evzoni-bogorodica,2026-06-20T13:41,180,3 h,anonymous,2026-06-20T11:44:14+00:00
evzoni-bogorodica,2026-06-20T14:07,210,3.5 h,anonymous,2026-06-20T12:14:28+00:00
evzoni-bogorodica,2026-06-20T14:19,210,3.5 h,anonymous,2026-06-20T12:21:36+00:00
evzoni-bogorodica,2026-06-20T14:16,5,5 min,anonymous,2026-06-20T12:21:36+00:00
evzoni-bogorodica,2026-06-20T15:20,15,15 min,anonymous,2026-06-20T13:21:57+00:00
evzoni-bogorodica,2026-06-20T15:15,5,5 min,anonymous,2026-06-20T13:21:57+00:00
evzoni-bogorodica,2026-06-20T15:14,210,3.5 h,anonymous,2026-06-20T13:21:57+00:00
evzoni-bogorodica,2026-06-20T15:11,180,3 h,anonymous,2026-06-20T13:21:57+00:00
evzoni-bogorodica,2026-06-20T15:51,360,6 h,anonymous,2026-06-20T13:52:13+00:00
evzoni-bogorodica,2026-06-20T15:44,450,7.5 h,anonymous,2026-06-20T13:52:13+00:00
evzoni-bogorodica,2026-06-20T15:37,210,3.5 h,anonymous,2026-06-20T13:52:13+00:00
evzoni-bogorodica,2026-06-20T16:03,300,5 h,anonymous,2026-06-20T14:07:18+00:00
evzoni-bogorodica,2026-06-20T16:11,330,5.5 h,anonymous,2026-06-20T14:22:24+00:00
evzoni-bogorodica,2026-06-20T16:47,360,6 h,anonymous,2026-06-20T14:53:33+00:00
evzoni-bogorodica,2026-06-20T17:43,270,4.5 h,anonymous,2026-06-20T15:53:55+00:00
evzoni-bogorodica,2026-06-20T18:01,210,3.5 h,anonymous,2026-06-20T16:09:14+00:00
evzoni-bogorodica,2026-06-20T18:38,180,3 h,anonymous,2026-06-20T16:39:25+00:00
evzoni-bogorodica,2026-06-20T18:34,120,2 h,anonymous,2026-06-20T16:39:25+00:00
evzoni-bogorodica,2026-06-20T18:56,210,3.5 h,anonymous,2026-06-20T17:09:37+00:00
evzoni-bogorodica,2026-06-20T19:14,180,3 h,anonymous,2026-06-20T17:24:43+00:00
evzoni-bogorodica,2026-06-20T19:37,360,6 h,anonymous,2026-06-20T17:39:49+00:00
evzoni-bogorodica,2026-06-20T19:28,240,4 h,anonymous,2026-06-20T17:39:49+00:00
evzoni-bogorodica,2026-06-20T19:51,420,7 h,anonymous,2026-06-20T18:06:39+00:00
evzoni-bogorodica,2026-06-20T21:06,420,7 h,anonymous,2026-06-20T19:07:05+00:00
evzoni-bogorodica,2026-06-20T21:05,300,5 h,anonymous,2026-06-20T19:07:05+00:00
evzoni-bogorodica,2026-06-20T20:55,420,7 h,anonymous,2026-06-20T19:07:05+00:00
evzoni-bogorodica,2026-06-20T21:10,420,7 h,anonymous,2026-06-20T19:24:57+00:00
evzoni-bogorodica,2026-06-20T21:30,240,4 h,anonymous,2026-06-20T19:40:03+00:00
evzoni-bogorodica,2026-06-20T21:29,240,4 h,anonymous,2026-06-20T19:40:03+00:00
evzoni-bogorodica,2026-06-20T21:28,240,4 h,anonymous,2026-06-20T19:40:03+00:00
evzoni-bogorodica,2026-06-20T21:52,30,30 min,anonymous,2026-06-20T19:55:08+00:00
evzoni-bogorodica,2026-06-20T21:43,240,4 h,anonymous,2026-06-20T19:55:08+00:00
evzoni-bogorodica,2026-06-20T21:42,270,4.5 h,anonymous,2026-06-20T19:55:08+00:00
evzoni-bogorodica,2026-06-20T22:21,330,5.5 h,anonymous,2026-06-20T20:25:20+00:00
evzoni-bogorodica,2026-06-20T22:15,360,6 h,anonymous,2026-06-20T20:25:20+00:00
evzoni-bogorodica,2026-06-20T22:11,240,4 h,anonymous,2026-06-20T20:25:20+00:00
evzoni-bogorodica,2026-06-20T22:56,300,5 h,anonymous,2026-06-20T21:00:02+00:00
evzoni-bogorodica,2026-06-20T22:45,300,5 h,anonymous,2026-06-20T21:00:02+00:00
evzoni-bogorodica,2026-06-20T23:40,120,2 h,anonymous,2026-06-20T21:45:46+00:00
evzoni-bogorodica,2026-06-21T00:15,330,5.5 h,anonymous,2026-06-20T22:27:20+00:00
evzoni-bogorodica,2026-06-21T01:15,150,2.5 h,anonymous,2026-06-20T23:22:02+00:00
evzoni-bogorodica,2026-06-21T02:09,20,20 min,anonymous,2026-06-21T00:22:45+00:00
evzoni-bogorodica,2026-06-21T03:29,15,15 min,anonymous_,2026-06-21T01:38:14+00:00
evzoni-bogorodica,2026-06-21T03:49,10,10 min,anonymous,2026-06-21T01:53:20+00:00
evzoni-bogorodica,2026-06-21T05:06,10,10 min,anonymous,2026-06-21T03:12:53+00:00
evzoni-bogorodica,2026-06-21T05:02,10,10 min,anonymous,2026-06-21T03:12:53+00:00
evzoni-bogorodica,2026-06-21T04:54,5,5 min,anonymous_,2026-06-21T03:12:53+00:00
evzoni-bogorodica,2026-06-21T05:37,20,20 min,anonymous,2026-06-21T03:43:08+00:00
evzoni-bogorodica,2026-06-21T05:55,10,10 min,anonymous,2026-06-21T03:58:14+00:00
evzoni-bogorodica,2026-06-21T06:35,20,20 min,anonymous,2026-06-21T04:43:38+00:00
evzoni-bogorodica,2026-06-21T08:06,10,10 min,anonymous,2026-06-21T06:14:11+00:00
evzoni-bogorodica,2026-06-21T07:58,15,15 min,anonymous_,2026-06-21T06:14:11+00:00
evzoni-bogorodica,2026-06-21T08:58,10,10 min,anonymous,2026-06-21T06:59:28+00:00
evzoni-bogorodica,2026-06-21T08:52,20,20 min,anonymous,2026-06-21T06:59:28+00:00
evzoni-bogorodica,2026-06-21T09:10,30,30 min,anonymous,2026-06-21T07:18:00+00:00
evzoni-bogorodica,2026-06-21T09:08,10,10 min,anonymous,2026-06-21T07:18:00+00:00
evzoni-bogorodica,2026-06-21T09:43,30,30 min,anonymous,2026-06-21T07:48:13+00:00
evzoni-bogorodica,2026-06-21T09:49,25,25 min,anonymous,2026-06-21T08:03:19+00:00
evzoni-bogorodica,2026-06-21T10:23,45,45 min,anonymous,2026-06-21T08:33:33+00:00
evzoni-bogorodica,2026-06-21T10:43,60,60 min,anonymous,2026-06-21T08:48:40+00:00
evzoni-bogorodica,2026-06-21T10:49,90,1.5 h,anonymous,2026-06-21T09:03:53+00:00
evzoni-bogorodica,2026-06-21T11:51,60,60 min,anonymous,2026-06-21T10:04:40+00:00
evzoni-bogorodica,2026-06-21T11:51,90,1.5 h,anonymous,2026-06-21T10:04:40+00:00
evzoni-bogorodica,2026-06-21T11:49,10,10 min,anonymous,2026-06-21T10:04:40+00:00
evzoni-bogorodica,2026-06-21T12:23,60,60 min,anonymous,2026-06-21T10:34:53+00:00
evzoni-bogorodica,2026-06-21T13:07,90,1.5 h,anonymous,2026-06-21T11:11:17+00:00
evzoni-bogorodica,2026-06-21T13:01,90,1.5 h,anonymous,2026-06-21T11:11:17+00:00
evzoni-bogorodica,2026-06-21T12:57,90,1.5 h,anonymous,2026-06-21T11:11:17+00:00
evzoni-bogorodica,2026-06-21T13:20,120,2 h,anonymous,2026-06-21T11:26:23+00:00
evzoni-bogorodica,2026-06-21T13:19,5,5 min,anonymous,2026-06-21T11:26:23+00:00
evzoni-bogorodica,2026-06-21T13:48,120,2 h,anonymous,2026-06-21T11:56:35+00:00
evzoni-bogorodica,2026-06-21T14:26,35,35 min,anonymous,2026-06-21T12:26:46+00:00
evzoni-bogorodica,2026-06-21T14:18,150,2.5 h,anonymous,2026-06-21T12:26:46+00:00
evzoni-bogorodica,2026-06-21T14:44,10,10 min,anonymous,2026-06-21T12:47:27+00:00
evzoni-bogorodica,2026-06-21T14:33,240,4 h,anonymous,2026-06-21T12:47:27+00:00
evzoni-bogorodica,2026-06-21T14:59,240,4 h,anonymous,2026-06-21T13:02:38+00:00
evzoni-bogorodica,2026-06-21T14:56,55,55 min,anonymous,2026-06-21T13:02:38+00:00
evzoni-bogorodica,2026-06-21T14:50,5,5 min,anonymous,2026-06-21T13:02:38+00:00
evzoni-bogorodica,2026-06-21T14:47,180,3 h,anonymous,2026-06-21T13:02:38+00:00
evzoni-bogorodica,2026-06-21T15:05,240,4 h,anonymous,2026-06-21T13:17:45+00:00
evzoni-bogorodica,2026-06-21T15:03,5,5 min,anonymous,2026-06-21T13:17:45+00:00
evzoni-bogorodica,2026-06-21T15:02,150,2.5 h,anonymous,2026-06-21T13:17:45+00:00
evzoni-bogorodica,2026-06-21T15:22,180,3 h,anonymous,2026-06-21T13:32:52+00:00
evzoni-bogorodica,2026-06-21T15:22,120,2 h,anonymous,2026-06-21T13:32:52+00:00
evzoni-bogorodica,2026-06-21T15:20,90,1.5 h,anonymous,2026-06-21T13:32:52+00:00
evzoni-bogorodica,2026-06-21T15:19,210,3.5 h,anonymous,2026-06-21T13:32:52+00:00
evzoni-bogorodica,2026-06-21T15:43,5,5 min,anonymous,2026-06-21T13:47:58+00:00
evzoni-bogorodica,2026-06-21T15:57,25,25 min,anonymous,2026-06-21T14:03:05+00:00
evzoni-bogorodica,2026-06-21T15:50,210,3.5 h,anonymous,2026-06-21T14:03:05+00:00
evzoni-bogorodica,2026-06-21T15:49,180,3 h,anonymous,2026-06-21T14:03:05+00:00
evzoni-bogorodica,2026-06-21T16:16,5,5 min,anonymous,2026-06-21T14:18:12+00:00
evzoni-bogorodica,2026-06-21T16:05,240,4 h,anonymous,2026-06-21T14:18:12+00:00
evzoni-bogorodica,2026-06-21T16:26,120,2 h,anonymous,2026-06-21T14:33:18+00:00
evzoni-bogorodica,2026-06-21T16:36,210,3.5 h,anonymous,2026-06-21T14:48:25+00:00
evzoni-bogorodica,2026-06-21T16:35,5,5 min,anonymous,2026-06-21T14:48:25+00:00
evzoni-bogorodica,2026-06-21T17:14,240,4 h,anonymous,2026-06-21T15:15:02+00:00
evzoni-bogorodica,2026-06-21T17:22,240,4 h,anonymous,2026-06-21T15:30:07+00:00
evzoni-bogorodica,2026-06-21T18:09,210,3.5 h,anonymous,2026-06-21T16:15:36+00:00
evzoni-bogorodica,2026-06-21T18:19,210,3.5 h,anonymous,2026-06-21T16:30:42+00:00
evzoni-bogorodica,2026-06-21T18:50,55,55 min,anonymous,2026-06-21T16:53:23+00:00
evzoni-bogorodica,2026-06-21T19:13,120,2 h,anonymous,2026-06-21T17:23:33+00:00
evzoni-bogorodica,2026-06-21T19:50,120,2 h,anonymous,2026-06-21T17:53:44+00:00
evzoni-bogorodica,2026-06-21T19:59,5,5 min,anonymous,2026-06-21T18:08:50+00:00
evzoni-bogorodica,2026-06-21T20:13,180,3 h,anonymous,2026-06-21T18:23:55+00:00
evzoni-bogorodica,2026-06-21T21:12,150,2.5 h,anonymous,2026-06-21T19:15:48+00:00
evzoni-bogorodica,2026-06-21T21:24,5,5 min,anonymous,2026-06-21T19:30:53+00:00
evzoni-bogorodica,2026-06-21T22:04,150,2.5 h,anonymous,2026-06-21T20:16:11+00:00
evzoni-bogorodica,2026-06-21T22:43,20,20 min,anonymous,2026-06-21T20:48:38+00:00
evzoni-bogorodica,2026-06-21T22:50,90,1.5 h,anonymous,2026-06-21T21:03:45+00:00
evzoni-bogorodica,2026-06-21T23:42,330,5.5 h,anonymous,2026-06-21T21:47:48+00:00
evzoni-bogorodica,2026-06-22T00:11,90,1.5 h,anonymous,2026-06-21T22:18:00+00:00
evzoni-bogorodica,2026-06-22T00:32,20,20 min,anonymous,2026-06-21T22:33:05+00:00
evzoni-bogorodica,2026-06-22T00:31,5,5 min,anonymous,2026-06-21T22:33:05+00:00
evzoni-bogorodica,2026-06-22T00:51,90,1.5 h,anonymous,2026-06-21T22:54:32+00:00
evzoni-bogorodica,2026-06-22T01:10,50,50 min,anonymous,2026-06-21T23:24:43+00:00
evzoni-bogorodica,2026-06-22T01:27,50,50 min,anonymous,2026-06-21T23:39:49+00:00
evzoni-bogorodica,2026-06-22T01:53,10,10 min,anonymous,2026-06-21T23:54:54+00:00
evzoni-bogorodica,2026-06-22T01:51,30,30 min,anonymous,2026-06-21T23:54:54+00:00
evzoni-bogorodica,2026-06-22T02:57,5,5 min,anonymous_,2026-06-22T01:05:27+00:00
evzoni-bogorodica,2026-06-22T04:04,5,5 min,anonymous,2026-06-22T02:05:50+00:00
evzoni-bogorodica,2026-06-22T03:59,15,15 min,anonymous_,2026-06-22T02:05:50+00:00
evzoni-bogorodica,2026-06-22T05:27,10,10 min,anonymous_,2026-06-22T03:36:24+00:00
evzoni-bogorodica,2026-06-22T06:05,5,5 min,anonymous,2026-06-22T04:06:36+00:00
evzoni-bogorodica,2026-06-22T07:28,15,15 min,anonymous_,2026-06-22T05:37:17+00:00
evzoni-bogorodica,2026-06-22T07:38,120,2 h,anonymous,2026-06-22T05:52:24+00:00
evzoni-bogorodica,2026-06-22T08:07,45,45 min,anonymous,2026-06-22T06:22:41+00:00
evzoni-bogorodica,2026-06-22T09:23,40,40 min,anonymous_,2026-06-22T07:38:12+00:00
evzoni-bogorodica,2026-06-22T10:18,10,10 min,anonymous,2026-06-22T08:23:33+00:00
evzoni-bogorodica,2026-06-22T11:35,45,45 min,anonymous,2026-06-22T09:39:04+00:00
evzoni-bogorodica,2026-06-22T11:29,5,5 min,anonymous_,2026-06-22T09:39:04+00:00
evzoni-bogorodica,2026-06-22T11:41,30,30 min,anonymous,2026-06-22T09:54:11+00:00
evzoni-bogorodica,2026-06-22T12:06,90,1.5 h,anonymous,2026-06-22T10:09:18+00:00
evzoni-bogorodica,2026-06-22T11:55,30,30 min,anonymous,2026-06-22T10:09:18+00:00
evzoni-bogorodica,2026-06-22T12:14,120,2 h,anonymous,2026-06-22T10:24:24+00:00
evzoni-bogorodica,2026-06-22T12:49,150,2.5 h,anonymous,2026-06-22T10:54:37+00:00
evzoni-bogorodica,2026-06-22T13:19,120,2 h,anonymous,2026-06-22T11:20:33+00:00
evzoni-bogorodica,2026-06-22T13:17,360,6 h,anonymous,2026-06-22T11:20:33+00:00
evzoni-bogorodica,2026-06-22T13:48,120,2 h,anonymous,2026-06-22T11:50:45+00:00
evzoni-bogorodica,2026-06-22T13:48,30,30 min,anonymous,2026-06-22T11:50:45+00:00
evzoni-bogorodica,2026-06-22T15:01,120,2 h,anonymous,2026-06-22T13:06:15+00:00
evzoni-bogorodica,2026-06-22T14:56,90,1.5 h,anonymous_,2026-06-22T13:06:15+00:00
evzoni-bogorodica,2026-06-22T15:56,60,60 min,anonymous,2026-06-22T14:06:40+00:00
evzoni-bogorodica,2026-06-22T16:19,15,15 min,anonymous,2026-06-22T14:21:46+00:00
evzoni-bogorodica,2026-06-22T16:17,90,1.5 h,anonymous,2026-06-22T14:21:46+00:00
evzoni-bogorodica,2026-06-22T16:32,90,1.5 h,anonymous,2026-06-22T14:36:53+00:00
evzoni-bogorodica,2026-06-22T16:31,45,45 min,anonymous,2026-06-22T14:36:53+00:00
evzoni-bogorodica,2026-06-22T16:39,120,2 h,anonymous,2026-06-22T14:52:01+00:00
evzoni-bogorodica,2026-06-22T17:00,60,60 min,anonymous,2026-06-22T15:07:07+00:00
evzoni-bogorodica,2026-06-22T16:57,30,30 min,anonymous,2026-06-22T15:07:07+00:00
evzoni-bogorodica,2026-06-22T17:17,120,2 h,anonymous,2026-06-22T15:22:13+00:00
evzoni-bogorodica,2026-06-22T17:25,210,3.5 h,anonymous,2026-06-22T15:37:20+00:00
evzoni-bogorodica,2026-06-22T18:27,180,3 h,anonymous_,2026-06-22T16:38:33+00:00
evzoni-bogorodica,2026-06-22T19:36,60,60 min,anonymous,2026-06-22T17:38:57+00:00
evzoni-bogorodica,2026-06-22T19:23,150,2.5 h,anonymous_,2026-06-22T17:38:57+00:00
evzoni-bogorodica,2026-06-22T20:19,40,40 min,anonymous,2026-06-22T18:24:17+00:00
evzoni-bogorodica,2026-06-22T20:14,60,60 min,anonymous,2026-06-22T18:24:17+00:00
evzoni-bogorodica,2026-06-22T20:31,30,30 min,anonymous,2026-06-22T18:39:24+00:00
evzoni-bogorodica,2026-06-22T20:24,35,35 min,anonymous,2026-06-22T18:39:24+00:00
evzoni-bogorodica,2026-06-22T20:44,10,10 min,anonymous,2026-06-22T18:54:30+00:00
evzoni-bogorodica,2026-06-22T21:56,5,5 min,anonymous_,2026-06-22T20:06:12+00:00
evzoni-bogorodica,2026-06-22T22:19,10,10 min,anonymous,2026-06-22T20:21:19+00:00
evzoni-bogorodica,2026-06-22T22:18,20,20 min,anonymous,2026-06-22T20:21:19+00:00
evzoni-bogorodica,2026-06-22T23:23,5,5 min,anonymous_,2026-06-22T21:36:57+00:00
evzoni-bogorodica,2026-06-23T00:28,10,10 min,anonymous_,2026-06-22T22:40:07+00:00
evzoni-bogorodica,2026-06-23T01:25,5,5 min,anonymous_,2026-06-22T23:40:29+00:00
evzoni-bogorodica,2026-06-23T02:28,10,10 min,anonymous_,2026-06-23T00:41:21+00:00
evzoni-bogorodica,2026-06-23T03:28,5,5 min,anonymous_,2026-06-23T01:41:43+00:00
evzoni-bogorodica,2026-06-23T04:27,15,15 min,anonymous_,2026-06-23T02:36:01+00:00
evzoni-bogorodica,2026-06-23T04:50,20,20 min,anonymous,2026-06-23T02:51:06+00:00
evzoni-bogorodica,2026-06-23T04:37,10,10 min,anonymous,2026-06-23T02:51:06+00:00
evzoni-bogorodica,2026-06-23T04:58,60,60 min,anonymous,2026-06-23T03:06:12+00:00
evzoni-bogorodica,2026-06-23T05:12,5,5 min,anonymous,2026-06-23T03:21:18+00:00
evzoni-bogorodica,2026-06-23T06:24,10,10 min,anonymous_,2026-06-23T04:36:45+00:00
evzoni-bogorodica,2026-06-23T07:25,5,5 min,anonymous_,2026-06-23T05:37:09+00:00
evzoni-bogorodica,2026-06-23T08:30,20,20 min,anonymous,2026-06-23T06:43:15+00:00
evzoni-bogorodica,2026-06-23T08:27,10,10 min,anonymous_,2026-06-23T06:43:15+00:00
evzoni-bogorodica,2026-06-23T09:26,15,15 min,anonymous_,2026-06-23T07:43:35+00:00
evzoni-bogorodica,2026-06-23T09:43,25,25 min,anonymous,2026-06-23T07:58:41+00:00
evzoni-bogorodica,2026-06-23T10:17,35,35 min,anonymous,2026-06-23T08:28:52+00:00
evzoni-bogorodica,2026-06-23T10:59,60,60 min,anonymous,2026-06-23T08:59:03+00:00
evzoni-bogorodica,2026-06-23T10:44,60,60 min,anonymous,2026-06-23T08:59:03+00:00
evzoni-bogorodica,2026-06-23T11:22,40,40 min,anonymous,2026-06-23T09:29:25+00:00
evzoni-bogorodica,2026-06-23T12:13,30,30 min,anonymous,2026-06-23T10:15:25+00:00
evzoni-bogorodica,2026-06-23T12:03,40,40 min,anonymous,2026-06-23T10:15:25+00:00
evzoni-bogorodica,2026-06-23T12:39,45,45 min,anonymous,2026-06-23T10:45:37+00:00
evzoni-bogorodica,2026-06-23T12:34,60,60 min,anonymous,2026-06-23T10:45:37+00:00
evzoni-bogorodica,2026-06-23T13:56,40,40 min,anonymous,2026-06-23T12:01:03+00:00
evzoni-bogorodica,2026-06-23T14:15,25,25 min,anonymous,2026-06-23T12:16:09+00:00
evzoni-bogorodica,2026-06-23T14:29,15,15 min,anonymous,2026-06-23T12:31:14+00:00
evzoni-bogorodica,2026-06-23T15:04,15,15 min,anonymous,2026-06-23T13:14:41+00:00
evzoni-bogorodica,2026-06-23T15:34,10,10 min,anonymous,2026-06-23T13:44:53+00:00
evzoni-bogorodica,2026-06-23T16:19,10,10 min,anonymous,2026-06-23T14:30:23+00:00
evzoni-bogorodica,2026-06-23T17:23,5,5 min,anonymous_,2026-06-23T15:30:45+00:00
evzoni-bogorodica,2026-06-23T17:51,10,10 min,anonymous,2026-06-23T15:57:04+00:00
evzoni-bogorodica,2026-06-23T18:58,5,5 min,anonymous_,2026-06-23T17:12:32+00:00
evzoni-bogorodica,2026-06-23T19:57,10,10 min,anonymous_,2026-06-23T18:02:46+00:00
evzoni-bogorodica,2026-06-23T20:53,5,5 min,anonymous_,2026-06-23T19:03:10+00:00
evzoni-bogorodica,2026-06-23T21:54,10,10 min,anonymous_,2026-06-23T20:01:02+00:00
evzoni-bogorodica,2026-06-23T22:57,5,5 min,anonymous_,2026-06-23T21:01:26+00:00
evzoni-bogorodica,2026-06-23T23:57,10,10 min,anonymous_,2026-06-23T22:03:37+00:00
evzoni-bogorodica,2026-06-24T00:55,5,5 min,anonymous_,2026-06-23T23:12:35+00:00
evzoni-bogorodica,2026-06-24T01:59,10,10 min,anonymous_,2026-06-24T00:14:16+00:00
evzoni-bogorodica,2026-06-24T02:59,5,5 min,anonymous_,2026-06-24T01:14:41+00:00
evzoni-bogorodica,2026-06-24T03:55,10,10 min,anonymous_,2026-06-24T02:04:22+00:00
evzoni-bogorodica,2026-06-24T05:05,20,20 min,anonymous,2026-06-24T03:05:26+00:00
evzoni-bogorodica,2026-06-24T04:53,5,5 min,anonymous_,2026-06-24T03:05:26+00:00
evzoni-bogorodica,2026-06-24T06:27,15,15 min,anonymous_,2026-06-24T04:36:08+00:00
evzoni-bogorodica,2026-06-24T07:28,10,10 min,anonymous_,2026-06-24T05:36:35+00:00
evzoni-bogorodica,2026-06-24T08:26,5,5 min,anonymous_,2026-06-24T06:39:18+00:00
evzoni-bogorodica,2026-06-24T09:29,15,15 min,anonymous_,2026-06-24T07:39:47+00:00
evzoni-bogorodica,2026-06-24T10:29,10,10 min,anonymous_,2026-06-24T08:40:11+00:00
evzoni-bogorodica,2026-06-24T11:29,35,35 min,anonymous,2026-06-24T09:40:36+00:00
evzoni-bogorodica,2026-06-24T12:29,30,30 min,anonymous_,2026-06-24T10:34:35+00:00
evzoni-bogorodica,2026-06-24T12:48,20,20 min,anonymous,2026-06-24T10:49:42+00:00
evzoni-bogorodica,2026-06-24T13:37,120,2 h,anonymous,2026-06-24T11:50:12+00:00
evzoni-bogorodica,2026-06-24T14:07,30,30 min,anonymous,2026-06-24T12:11:45+00:00
evzoni-bogorodica,2026-06-24T14:06,90,1.5 h,anonymous,2026-06-24T12:11:45+00:00
evzoni-bogorodica,2026-06-24T14:33,270,4.5 h,anonymous,2026-06-24T12:41:56+00:00
evzoni-bogorodica,2026-06-24T15:01,90,1.5 h,anonymous,2026-06-24T13:12:08+00:00
evzoni-bogorodica,2026-06-24T15:40,40,40 min,anonymous,2026-06-24T13:42:18+00:00
evzoni-bogorodica,2026-06-24T15:38,20,20 min,anonymous,2026-06-24T13:42:18+00:00
evzoni-bogorodica,2026-06-24T15:33,40,40 min,anonymous,2026-06-24T13:42:18+00:00
evzoni-bogorodica,2026-06-24T16:32,30,30 min,anonymous,2026-06-24T14:42:40+00:00
evzoni-bogorodica,2026-06-24T17:57,15,15 min,anonymous,2026-06-24T15:58:34+00:00
evzoni-bogorodica,2026-06-24T18:58,10,10 min,anonymous_,2026-06-24T17:14:05+00:00
evzoni-bogorodica,2026-06-24T19:58,5,5 min,anonymous_,2026-06-24T18:08:12+00:00
evzoni-bogorodica,2026-06-24T20:52,25,25 min,anonymous,2026-06-24T18:54:00+00:00
evzoni-bogorodica,2026-06-24T21:55,20,20 min,anonymous_,2026-06-24T20:01:37+00:00
evzoni-bogorodica,2026-06-24T22:55,15,15 min,anonymous_,2026-06-24T21:01:18+00:00
evzoni-bogorodica,2026-06-24T23:59,10,10 min,anonymous_,2026-06-24T22:01:38+00:00
evzoni-bogorodica,2026-06-25T00:08,10,10 min,anonymous,2026-06-24T22:16:44+00:00
evzoni-bogorodica,2026-06-25T00:33,5,5 min,anonymous,2026-06-24T22:37:12+00:00
evzoni-bogorodica,2026-06-25T01:55,15,15 min,anonymous_,2026-06-25T00:03:36+00:00
evzoni-bogorodica,2026-06-25T02:59,10,10 min,anonymous_,2026-06-25T01:03:58+00:00
evzoni-bogorodica,2026-06-25T03:57,5,5 min,anonymous_,2026-06-25T02:08:18+00:00
evzoni-bogorodica,2026-06-25T04:57,10,10 min,anonymous_,2026-06-25T03:08:47+00:00
evzoni-bogorodica,2026-06-25T05:56,5,5 min,anonymous_,2026-06-25T04:09:09+00:00
evzoni-bogorodica,2026-06-25T06:56,10,10 min,anonymous_,2026-06-25T05:09:29+00:00
evzoni-bogorodica,2026-06-25T07:54,5,5 min,anonymous_,2026-06-25T06:09:49+00:00
evzoni-bogorodica,2026-06-25T08:11,30,30 min,anonymous,2026-06-25T06:17:23+00:00
evzoni-bogorodica,2026-06-25T08:49,240,4 h,anonymous,2026-06-25T07:02:43+00:00
evzoni-bogorodica,2026-06-25T09:56,60,60 min,anonymous,2026-06-25T08:03:09+00:00
evzoni-bogorodica,2026-06-25T09:51,5,5 min,anonymous,2026-06-25T08:03:09+00:00
evzoni-bogorodica,2026-06-25T10:35,25,25 min,anonymous,2026-06-25T08:48:29+00:00
evzoni-bogorodica,2026-06-25T11:53,20,20 min,anonymous_,2026-06-25T10:03:19+00:00
evzoni-bogorodica,2026-06-25T12:25,45,45 min,anonymous,2026-06-25T10:33:30+00:00
evzoni-bogorodica,2026-06-25T13:18,60,60 min,anonymous,2026-06-25T11:18:48+00:00
evzoni-bogorodica,2026-06-25T14:23,55,55 min,anonymous_,2026-06-25T12:39:38+00:00
evzoni-bogorodica,2026-06-25T14:59,50,50 min,anonymous,2026-06-25T13:09:49+00:00
evzoni-bogorodica,2026-06-25T15:23,60,60 min,anonymous,2026-06-25T13:24:55+00:00
evzoni-bogorodica,2026-06-25T15:32,60,60 min,anonymous,2026-06-25T13:40:01+00:00
evzoni-bogorodica,2026-06-25T15:55,15,15 min,anonymous,2026-06-25T13:55:07+00:00
evzoni-bogorodica,2026-06-25T15:49,60,60 min,anonymous,2026-06-25T13:55:07+00:00
evzoni-bogorodica,2026-06-25T16:15,60,60 min,anonymous,2026-06-25T14:25:25+00:00
evzoni-bogorodica,2026-06-25T17:18,40,40 min,anonymous,2026-06-25T15:20:44+00:00
evzoni-bogorodica,2026-06-25T17:13,15,15 min,anonymous,2026-06-25T15:20:44+00:00
evzoni-bogorodica,2026-06-25T18:05,30,30 min,anonymous,2026-06-25T16:06:00+00:00
evzoni-bogorodica,2026-06-25T18:41,15,15 min,anonymous,2026-06-25T16:51:16+00:00
evzoni-bogorodica,2026-06-25T19:55,10,10 min,anonymous_,2026-06-25T18:13:57+00:00
evzoni-bogorodica,2026-06-25T20:57,5,5 min,anonymous_,2026-06-25T19:14:18+00:00
evzoni-bogorodica,2026-06-25T21:53,15,15 min,anonymous_,2026-06-25T20:14:03+00:00
evzoni-bogorodica,2026-06-25T22:57,10,10 min,anonymous_,2026-06-25T21:14:28+00:00
evzoni-bogorodica,2026-06-25T23:58,5,5 min,anonymous_,2026-06-25T22:01:53+00:00
evzoni-bogorodica,2026-06-26T00:55,10,10 min,anonymous_,2026-06-25T23:07:38+00:00
evzoni-bogorodica,2026-06-26T01:54,5,5 min,anonymous_,2026-06-26T00:08:03+00:00
evzoni-bogorodica,2026-06-26T02:19,10,10 min,anonymous,2026-06-26T00:21:08+00:00
evzoni-bogorodica,2026-06-26T03:28,5,5 min,anonymous_,2026-06-26T01:36:40+00:00
evzoni-bogorodica,2026-06-26T04:23,15,15 min,anonymous_,2026-06-26T02:37:06+00:00
evzoni-bogorodica,2026-06-26T05:27,10,10 min,anonymous_,2026-06-26T03:37:31+00:00
evzoni-bogorodica,2026-06-26T06:29,5,5 min,anonymous_,2026-06-26T04:37:57+00:00
evzoni-bogorodica,2026-06-26T07:25,15,15 min,anonymous_,2026-06-26T05:33:01+00:00
evzoni-bogorodica,2026-06-26T07:44,5,5 min,anonymous,2026-06-26T05:48:07+00:00
evzoni-bogorodica,2026-06-26T08:59,15,15 min,anonymous_,2026-06-26T07:03:33+00:00
evzoni-bogorodica,2026-06-26T09:08,25,25 min,anonymous,2026-06-26T07:18:38+00:00
evzoni-bogorodica,2026-06-26T09:24,10,10 min,anonymous,2026-06-26T07:33:44+00:00
evzoni-bogorodica,2026-06-26T09:39,60,60 min,anonymous,2026-06-26T07:48:49+00:00
evzoni-bogorodica,2026-06-26T10:07,20,20 min,anonymous,2026-06-26T08:19:00+00:00
evzoni-bogorodica,2026-06-26T11:24,15,15 min,anonymous_,2026-06-26T09:39:09+00:00
evzoni-bogorodica,2026-06-26T12:24,10,10 min,anonymous_,2026-06-26T10:39:34+00:00
evzoni-bogorodica,2026-06-26T12:40,30,30 min,anonymous,2026-06-26T10:54:41+00:00
evzoni-bogorodica,2026-06-26T13:09,20,20 min,anonymous,2026-06-26T11:09:47+00:00
evzoni-bogorodica,2026-06-26T13:24,30,30 min,anonymous,2026-06-26T11:24:58+00:00
evzoni-bogorodica,2026-06-26T13:43,45,45 min,anonymous,2026-06-26T11:43:31+00:00
evzoni-bogorodica,2026-06-26T13:36,40,40 min,anonymous,2026-06-26T11:43:31+00:00
evzoni-bogorodica,2026-06-26T13:53,20,20 min,anonymous,2026-06-26T11:58:36+00:00
evzoni-bogorodica,2026-06-26T14:23,50,50 min,anonymous,2026-06-26T12:28:47+00:00
evzoni-bogorodica,2026-06-26T15:14,25,25 min,anonymous,2026-06-26T13:29:17+00:00
evzoni-bogorodica,2026-06-26T16:28,20,20 min,anonymous_,2026-06-26T14:35:05+00:00
evzoni-bogorodica,2026-06-26T17:24,15,15 min,anonymous_,2026-06-26T15:35:28+00:00
evzoni-bogorodica,2026-06-26T17:37,60,60 min,anonymous,2026-06-26T15:50:34+00:00
evzoni-bogorodica,2026-06-26T18:02,90,1.5 h,anonymous,2026-06-26T16:13:16+00:00
evzoni-bogorodica,2026-06-26T18:42,120,2 h,anonymous,2026-06-26T16:43:28+00:00
evzoni-bogorodica,2026-06-26T19:11,90,1.5 h,anonymous,2026-06-26T17:13:41+00:00
evzoni-bogorodica,2026-06-26T19:01,25,25 min,anonymous,2026-06-26T17:13:41+00:00
evzoni-bogorodica,2026-06-26T19:41,5,5 min,anonymous,2026-06-26T17:43:53+00:00
evzoni-bogorodica,2026-06-26T20:37,10,10 min,anonymous,2026-06-26T18:47:06+00:00
evzoni-bogorodica,2026-06-26T20:34,120,2 h,anonymous,2026-06-26T18:47:06+00:00
evzoni-bogorodica,2026-06-26T20:47,120,2 h,anonymous,2026-06-26T19:02:13+00:00
evzoni-bogorodica,2026-06-26T21:55,90,1.5 h,anonymous_,2026-06-26T20:02:39+00:00
evzoni-bogorodica,2026-06-26T22:55,60,60 min,anonymous_,2026-06-26T21:05:36+00:00
evzoni-bogorodica,2026-06-26T23:57,55,55 min,anonymous_,2026-06-26T22:08:47+00:00
evzoni-bogorodica,2026-06-27T00:55,50,50 min,anonymous_,2026-06-26T23:11:03+00:00
evzoni-bogorodica,2026-06-27T01:42,5,5 min,anonymous,2026-06-26T23:56:22+00:00
evzoni-bogorodica,2026-06-27T02:58,10,10 min,anonymous_,2026-06-27T01:03:38+00:00
evzoni-bogorodica,2026-06-27T03:57,5,5 min,anonymous_,2026-06-27T02:03:59+00:00
evzoni-bogorodica,2026-06-27T04:05,5,5 min,anonymous,2026-06-27T02:19:05+00:00
evzoni-bogorodica,2026-06-27T05:24,15,15 min,anonymous_,2026-06-27T03:34:32+00:00
evzoni-bogorodica,2026-06-27T06:24,10,10 min,anonymous_,2026-06-27T04:30:25+00:00
evzoni-bogorodica,2026-06-27T07:26,5,5 min,anonymous_,2026-06-27T05:30:50+00:00
evzoni-bogorodica,2026-06-27T08:24,30,30 min,anonymous,2026-06-27T06:31:17+00:00
evzoni-bogorodica,2026-06-27T09:23,25,25 min,anonymous_,2026-06-27T07:31:42+00:00
evzoni-bogorodica,2026-06-27T09:36,35,35 min,anonymous,2026-06-27T07:38:16+00:00
evzoni-bogorodica,2026-06-27T10:10,10,10 min,anonymous,2026-06-27T08:23:33+00:00
evzoni-bogorodica,2026-06-27T11:25,5,5 min,anonymous_,2026-06-27T09:38:59+00:00
evzoni-bogorodica,2026-06-27T12:04,60,60 min,anonymous,2026-06-27T10:08:08+00:00
evzoni-bogorodica,2026-06-27T12:37,120,2 h,anonymous,2026-06-27T10:38:36+00:00
evzoni-bogorodica,2026-06-27T12:36,90,1.5 h,anonymous,2026-06-27T10:38:36+00:00
evzoni-bogorodica,2026-06-27T12:50,120,2 h,anonymous,2026-06-27T10:53:42+00:00
evzoni-bogorodica,2026-06-27T13:02,120,2 h,anonymous,2026-06-27T11:08:48+00:00
evzoni-bogorodica,2026-06-27T13:09,90,1.5 h,anonymous,2026-06-27T11:23:53+00:00
evzoni-bogorodica,2026-06-27T13:37,90,1.5 h,anonymous,2026-06-27T11:38:59+00:00
evzoni-bogorodica,2026-06-27T14:10,90,1.5 h,anonymous,2026-06-27T12:14:20+00:00
evzoni-bogorodica,2026-06-27T14:37,180,3 h,anonymous,2026-06-27T12:44:31+00:00
evzoni-bogorodica,2026-06-27T14:47,120,2 h,anonymous,2026-06-27T12:59:36+00:00
evzoni-bogorodica,2026-06-27T14:47,120,2 h,anonymous,2026-06-27T12:59:56+00:00
evzoni-bogorodica,2026-06-27T15:16,180,3 h,anonymous,2026-06-27T13:30:09+00:00
evzoni-bogorodica,2026-06-27T15:51,270,4.5 h,anonymous,2026-06-27T14:00:29+00:00
evzoni-bogorodica,2026-06-27T16:54,240,4 h,anonymous_,2026-06-27T15:07:56+00:00
evzoni-bogorodica,2026-06-27T17:27,120,2 h,anonymous,2026-06-27T15:38:07+00:00
evzoni-bogorodica,2026-06-27T18:12,120,2 h,anonymous,2026-06-27T16:16:59+00:00
evzoni-bogorodica,2026-06-27T18:52,120,2 h,anonymous,2026-06-27T17:02:19+00:00
evzoni-bogorodica,2026-06-27T18:48,150,2.5 h,anonymous,2026-06-27T17:02:19+00:00
evzoni-bogorodica,2026-06-27T19:04,40,40 min,anonymous,2026-06-27T17:17:25+00:00
evzoni-bogorodica,2026-06-27T19:28,150,2.5 h,anonymous,2026-06-27T17:32:31+00:00
evzoni-bogorodica,2026-06-27T19:17,90,1.5 h,anonymous,2026-06-27T17:32:31+00:00
evzoni-bogorodica,2026-06-27T19:45,150,2.5 h,anonymous,2026-06-27T17:49:16+00:00
evzoni-bogorodica,2026-06-27T20:32,240,4 h,anonymous,2026-06-27T18:34:43+00:00
evzoni-bogorodica,2026-06-27T20:38,10,10 min,anonymous,2026-06-27T18:48:42+00:00
evzoni-bogorodica,2026-06-27T20:53,120,2 h,anonymous,2026-06-27T19:03:48+00:00
evzoni-bogorodica,2026-06-27T21:15,60,60 min,anonymous,2026-06-27T19:18:53+00:00
evzoni-bogorodica,2026-06-27T22:09,90,1.5 h,anonymous,2026-06-27T20:16:25+00:00
evzoni-bogorodica,2026-06-27T22:57,180,3 h,anonymous,2026-06-27T21:01:43+00:00
evzoni-bogorodica,2026-06-27T23:29,90,1.5 h,anonymous,2026-06-27T21:32:17+00:00
evzoni-bogorodica,2026-06-27T23:27,90,1.5 h,anonymous,2026-06-27T21:32:17+00:00
evzoni-bogorodica,2026-06-27T23:19,90,1.5 h,anonymous,2026-06-27T21:32:17+00:00
evzoni-bogorodica,2026-06-27T23:46,90,1.5 h,anonymous,2026-06-27T21:47:23+00:00
evzoni-bogorodica,2026-06-27T23:39,120,2 h,anonymous,2026-06-27T21:47:23+00:00
evzoni-bogorodica,2026-06-28T00:08,45,45 min,anonymous,2026-06-27T22:17:37+00:00
evzoni-bogorodica,2026-06-28T00:29,120,2 h,anonymous,2026-06-27T22:32:54+00:00
evzoni-bogorodica,2026-06-28T01:29,90,1.5 h,anonymous_,2026-06-27T23:33:18+00:00
evzoni-bogorodica,2026-06-28T02:26,60,60 min,anonymous_,2026-06-28T00:38:34+00:00
evzoni-bogorodica,2026-06-28T03:25,55,55 min,anonymous_,2026-06-28T01:38:54+00:00
evzoni-bogorodica,2026-06-28T04:29,50,50 min,anonymous_,2026-06-28T02:42:46+00:00
evzoni-bogorodica,2026-06-28T05:23,45,45 min,anonymous_,2026-06-28T03:43:29+00:00
evzoni-bogorodica,2026-06-28T05:54,30,30 min,anonymous,2026-06-28T03:58:36+00:00
evzoni-bogorodica,2026-06-28T06:35,30,30 min,anonymous,2026-06-28T04:43:55+00:00
evzoni-bogorodica,2026-06-28T07:16,35,35 min,anonymous,2026-06-28T05:29:13+00:00
evzoni-bogorodica,2026-06-28T07:44,15,15 min,anonymous,2026-06-28T05:59:26+00:00
evzoni-bogorodica,2026-06-28T08:37,5,5 min,anonymous,2026-06-28T06:51:02+00:00
evzoni-bogorodica,2026-06-28T09:19,30,30 min,anonymous,2026-06-28T07:21:14+00:00
evzoni-bogorodica,2026-06-28T09:35,25,25 min,anonymous,2026-06-28T07:36:19+00:00
evzoni-bogorodica,2026-06-28T09:30,35,35 min,anonymous,2026-06-28T07:36:19+00:00
evzoni-bogorodica,2026-06-28T09:38,45,45 min,anonymous,2026-06-28T07:51:25+00:00
evzoni-bogorodica,2026-06-28T11:01,55,55 min,anonymous,2026-06-28T09:06:53+00:00
evzoni-bogorodica,2026-06-28T10:52,55,55 min,anonymous,2026-06-28T09:06:53+00:00
evzoni-bogorodica,2026-06-28T11:36,120,2 h,anonymous,2026-06-28T09:37:05+00:00
evzoni-bogorodica,2026-06-28T11:30,90,1.5 h,anonymous,2026-06-28T09:37:05+00:00
evzoni-bogorodica,2026-06-28T11:29,60,60 min,anonymous,2026-06-28T09:37:05+00:00
evzoni-bogorodica,2026-06-28T11:24,60,60 min,anonymous,2026-06-28T09:37:05+00:00
evzoni-bogorodica,2026-06-28T11:24,90,1.5 h,anonymous,2026-06-28T09:37:05+00:00
